{"cameraMode":{"drawMode":0,"name":"Shaded","section":"Shading Mode"},"sceneLighting":true,"audioPlay":false,"sceneViewState":{"showFog":true,"showMaterialUpdate":false,"showSkybox":true,"showFlares":true,"showImageEffects":true,"showParticleSystems":true},"in2DMode":false,"pivot":{"x":-3.2337708473205568,"y":10.904481887817383,"z":-8.108345985412598},"rotation":{"x":0.03162488713860512,"y":-0.6572237610816956,"z":0.027619589120149614,"w":0.7525267004966736},"size":51.55927658081055,"orthographic":true}