{"cameraMode":{"drawMode":0,"name":"Shaded","section":"Shading Mode"},"sceneLighting":false,"audioPlay":false,"sceneViewState":{"showFog":true,"showMaterialUpdate":true,"showSkybox":false,"showFlares":true,"showImageEffects":true,"showParticleSystems":true},"in2DMode":false,"pivot":{"x":7.256572246551514,"y":-12.75119400024414,"z":0.8396427631378174},"rotation":{"x":0.3063144087791443,"y":-0.019488347694277765,"z":0.006235879845917225,"w":0.9517304301261902},"size":5.257884502410889,"orthographic":false}