{"cameraMode":{"drawMode":0,"name":"Shaded","section":"Shading Mode"},"sceneLighting":false,"audioPlay":false,"sceneViewState":{"showFog":true,"showMaterialUpdate":false,"showSkybox":false,"showFlares":true,"showImageEffects":true,"showParticleSystems":true},"in2DMode":false,"pivot":{"x":-0.1849994659423828,"y":-2.010000228881836,"z":-0.6712503433227539},"rotation":{"x":0.23535451292991639,"y":-0.049542054533958438,"z":0.01201386097818613,"w":0.9705743193626404},"size":87.76305389404297,"orthographic":false}