{"cameraMode":{"drawMode":0,"name":"Shaded","section":"Shading Mode"},"sceneLighting":true,"audioPlay":false,"sceneViewState":{"showFog":true,"showMaterialUpdate":false,"showSkybox":true,"showFlares":true,"showImageEffects":true,"showParticleSystems":true},"in2DMode":false,"pivot":{"x":3.1338155269622804,"y":-8.32237720489502,"z":3.3134636878967287},"rotation":{"x":0.29910725355148318,"y":-0.028621045872569085,"z":0.008975907228887082,"w":0.9537479877471924},"size":39.07896041870117,"orthographic":false}