{"cameraMode":{"drawMode":0,"name":"Shaded","section":"Shading Mode"},"sceneLighting":true,"audioPlay":false,"sceneViewState":{"showFog":true,"showMaterialUpdate":false,"showSkybox":true,"showFlares":true,"showImageEffects":true,"showParticleSystems":true},"in2DMode":false,"pivot":{"x":2.5703125,"y":4.283613681793213,"z":2.6718080043792726},"rotation":{"x":0.36126676201820376,"y":0.10263831168413162,"z":-0.04004605859518051,"w":0.9259313344955444},"size":17.59064483642578,"orthographic":true}