{"cameraMode":{"drawMode":0,"name":"Shaded","section":"Shading Mode"},"sceneLighting":true,"audioPlay":false,"sceneViewState":{"showFog":true,"showMaterialUpdate":false,"showSkybox":true,"showFlares":true,"showImageEffects":true,"showParticleSystems":true},"in2DMode":false,"pivot":{"x":833.3653564453125,"y":454.9096374511719,"z":312.5973205566406},"rotation":{"x":0.19463391602039338,"y":-0.011770154349505902,"z":0.0023356874007731678,"w":0.9808047413825989},"size":1387.422119140625,"orthographic":true}