{"cameraMode":{"drawMode":0,"name":"Shaded","section":"Shading Mode"},"sceneLighting":true,"audioPlay":false,"sceneViewState":{"showFog":true,"showMaterialUpdate":false,"showSkybox":true,"showFlares":true,"showImageEffects":true,"showParticleSystems":true},"in2DMode":false,"pivot":{"x":-0.38725194334983828,"y":5.251404762268066,"z":9.987552642822266},"rotation":{"x":0.4504213333129883,"y":-0.022762665525078775,"z":0.011488297954201699,"w":0.8924577832221985},"size":19.38389015197754,"orthographic":false}