{"cameraMode":{"drawMode":0,"name":"Shaded","section":"Shading Mode"},"sceneLighting":true,"audioPlay":false,"sceneViewState":{"showFog":true,"showMaterialUpdate":true,"showSkybox":true,"showFlares":true,"showImageEffects":true,"showParticleSystems":true},"in2DMode":false,"pivot":{"x":-3.167051315307617,"y":4.138412952423096,"z":-10.08186149597168},"rotation":{"x":-0.5978170037269592,"y":-0.22557096183300019,"z":0.18040956556797028,"w":-0.7478591203689575},"size":20.170564651489259,"orthographic":false}