{"cameraMode":{"drawMode":0,"name":"Shaded","section":"Shading Mode"},"sceneLighting":true,"audioPlay":false,"sceneViewState":{"showFog":true,"showMaterialUpdate":false,"showSkybox":true,"showFlares":true,"showImageEffects":true,"showParticleSystems":true},"in2DMode":false,"pivot":{"x":2.1414260864257814,"y":-10.596773147583008,"z":27.540300369262697},"rotation":{"x":0.18480779230594636,"y":0.0356622152030468,"z":-0.006710653658956289,"w":0.98210608959198},"size":56.85531234741211,"orthographic":false}