{"cameraMode":{"drawMode":0,"name":"Shaded","section":"Shading Mode"},"sceneLighting":true,"audioPlay":false,"sceneViewState":{"showFog":true,"showMaterialUpdate":false,"showSkybox":true,"showFlares":true,"showImageEffects":true,"showParticleSystems":true},"in2DMode":false,"pivot":{"x":1.76446533203125,"y":12.390625,"z":-13.42578125},"rotation":{"x":0.16277247667312623,"y":0.002365903230383992,"z":-0.000388836459023878,"w":0.9866647124290466},"size":25.620647430419923,"orthographic":true}
