{"cameraMode":{"drawMode":0,"name":"Shaded","section":"Shading Mode"},"sceneLighting":true,"audioPlay":false,"sceneViewState":{"showFog":true,"showMaterialUpdate":false,"showSkybox":true,"showFlares":true,"showImageEffects":true,"showParticleSystems":true},"in2DMode":false,"pivot":{"x":-5.160824298858643,"y":11.858363151550293,"z":4.365230083465576},"rotation":{"x":0.06387742608785629,"y":-0.890565812587738,"z":0.4305325746536255,"w":0.13212940096855164},"size":29.142333984375,"orthographic":false}