{"cameraMode":{"drawMode":0,"name":"Shaded","section":"Shading Mode"},"sceneLighting":true,"audioPlay":false,"sceneViewState":{"showFog":true,"showMaterialUpdate":false,"showSkybox":true,"showFlares":true,"showImageEffects":true,"showParticleSystems":true},"in2DMode":false,"pivot":{"x":2.413322687149048,"y":1.9079285860061646,"z":-0.30665138363838198},"rotation":{"x":0.2790265381336212,"y":-0.02736344374716282,"z":0.007954410277307034,"w":0.9598606824874878},"size":13.808969497680664,"orthographic":false}