{"cameraMode":{"drawMode":0,"name":"Shaded","section":"Shading Mode"},"sceneLighting":true,"audioPlay":false,"sceneViewState":{"showFog":true,"showMaterialUpdate":false,"showSkybox":false,"showFlares":true,"showImageEffects":true,"showParticleSystems":true},"in2DMode":false,"pivot":{"x":-0.34324702620506289,"y":3.3107874393463136,"z":-12.770456314086914},"rotation":{"x":-0.013913488946855069,"y":0.9797397255897522,"z":-0.18588446080684663,"w":-0.07332580536603928},"size":2.466466188430786,"orthographic":false}