{"cameraMode":{"drawMode":0,"name":"Shaded","section":"Shading Mode"},"sceneLighting":false,"audioPlay":false,"sceneViewState":{"showFog":true,"showMaterialUpdate":false,"showSkybox":false,"showFlares":true,"showImageEffects":true,"showParticleSystems":true},"in2DMode":false,"pivot":{"x":5.902937889099121,"y":5.882754325866699,"z":5.630390167236328},"rotation":{"x":0.007412864826619625,"y":0.9906056523323059,"z":-0.059815533459186557,"w":0.1227654293179512},"size":8.1260404586792,"orthographic":false}