{"cameraMode":{"drawMode":0,"name":"Shaded","section":"Shading Mode"},"sceneLighting":false,"audioPlay":false,"sceneViewState":{"showFog":true,"showMaterialUpdate":false,"showSkybox":false,"showFlares":true,"showImageEffects":true,"showParticleSystems":true},"in2DMode":false,"pivot":{"x":-2.7365143299102785,"y":1.368899941444397,"z":-3.6476643085479738},"rotation":{"x":-0.13251768052577973,"y":0.7646464109420776,"z":-0.16657868027687074,"w":-0.6082871556282044},"size":1.3578848838806153,"orthographic":false}