{"cameraMode":{"drawMode":0,"name":"Shaded","section":"Shading Mode"},"sceneLighting":true,"audioPlay":false,"sceneViewState":{"showFog":true,"showMaterialUpdate":false,"showSkybox":true,"showFlares":true,"showImageEffects":true,"showParticleSystems":true},"in2DMode":false,"pivot":{"x":3.5913095474243166,"y":-5.760042667388916,"z":2.759340286254883},"rotation":{"x":-0.56973797082901,"y":-0.015532431192696095,"z":0.010770910419523716,"w":-0.8216112852096558},"size":49.20084762573242,"orthographic":false}