{"cameraMode":{"drawMode":0,"name":"Shaded","section":"Shading Mode"},"sceneLighting":true,"audioPlay":false,"sceneViewState":{"showFog":true,"showMaterialUpdate":false,"showSkybox":true,"showFlares":true,"showImageEffects":true,"showParticleSystems":true},"in2DMode":false,"pivot":{"x":264.493896484375,"y":-333.1726989746094,"z":397.6089782714844},"rotation":{"x":0.2919163703918457,"y":0.27996397018432619,"z":-0.08994729071855545,"w":0.9101948738098145},"size":627.728515625,"orthographic":false}