{"cameraMode":{"drawMode":0,"name":"Shaded","section":"Shading Mode"},"sceneLighting":false,"audioPlay":false,"sceneViewState":{"showFog":true,"showMaterialUpdate":false,"showSkybox":false,"showFlares":true,"showImageEffects":true,"showParticleSystems":true},"in2DMode":false,"pivot":{"x":-1.836653232574463,"y":4.29882287979126,"z":-0.09737759083509445},"rotation":{"x":0.12594212591648103,"y":0.24952338635921479,"z":-0.03274843469262123,"w":0.9595876336097717},"size":8.42171859741211,"orthographic":false}