{"cameraMode":{"drawMode":0,"name":"Shaded","section":"Shading Mode"},"sceneLighting":false,"audioPlay":false,"sceneViewState":{"showFog":true,"showMaterialUpdate":false,"showSkybox":false,"showFlares":true,"showImageEffects":true,"showParticleSystems":true},"in2DMode":false,"pivot":{"x":885.0000610351563,"y":466.5000305175781,"z":-6.487500190734863},"rotation":{"x":0.0695471316576004,"y":0.14938344061374665,"z":-0.010539707727730275,"w":0.9862926602363586},"size":3397.625732421875,"orthographic":false}