{"cameraMode":{"drawMode":0,"name":"Shaded","section":"Shading Mode"},"sceneLighting":false,"audioPlay":false,"sceneViewState":{"showFog":true,"showMaterialUpdate":false,"showSkybox":false,"showFlares":true,"showImageEffects":true,"showParticleSystems":true},"in2DMode":false,"pivot":{"x":0.9072620272636414,"y":3.269787311553955,"z":-4.670219421386719},"rotation":{"x":0.23266321420669557,"y":-0.7111213207244873,"z":0.2737744152545929,"w":0.6043359041213989},"size":1.854750156402588,"orthographic":false}